fh_operacion,hm_hora,im_transaccion,credPrea
10/10/17,55808,798.85,399.425
11/09/17,65100,798.85,399.425
17/08/17,113206,449,224.5
20/12/17,103059,10.53,5.265
20/10/17,82528,5130.4,2565.2
10/08/17,73122,798.85,399.425
18/09/17,115229,249,124.5
11/12/17,83048,798.85,399.425
10/11/17,70426,798.85,399.425
14/10/17,184841,2193,1096.5
09/12/17,133633,181.9,90.95
19/11/17,190716,881.82,440.91
31/12/17,160836,549,274.5
31/08/17,182656,192,96
31/12/17,141659,1620,810
22/10/17,144401,848.38,424.19
16/11/17,182958,97.75,48.875
29/08/17,124848,728.18,364.09
30/10/17,111624,165,82.5
21/11/17,151314,184.37,92.185
27/10/17,131607,187,93.5
01/12/17,140714,744,372
08/12/17,160600,496,248
13/11/17,141841,423,211.5
22/10/17,200629,1293.6,646.8
06/11/17,125106,2300.17,1150.085
13/12/17,185641,520,260
13/08/17,191641,360,180
13/12/17,194343,690,345
13/11/17,203023,690,345
13/11/17,203023,274,137
19/10/17,144113,274,137
19/10/17,144113,690,345
12/09/17,191759,752,376
13/08/17,191641,274,137
13/08/17,190526,460,230
13/12/17,194343,274,137
12/09/17,191759,274,137
12/10/17,182658,460,230
10/11/17,80835,62,31
12/09/17,131400,62,31
10/11/17,122737,62,31
06/12/17,90031,62,31
08/09/17,114115,2229,1114.5
17/10/17,71223,62,31
12/09/17,73155,62,31
01/10/17,122628,62,31
24/12/17,90602,62,31
22/12/17,163938,62,31
18/12/17,131508,62,31
24/12/17,140020,62,31
29/12/17,152233,62,31
18/12/17,65643,62,31
29/12/17,115552,62,31
31/08/17,121424,62,31
22/11/17,113441,1255.5,627.75
22/12/17,112411,62,31
06/12/17,133651,62,31
17/10/17,111203,62,31
14/11/17,223953,1409,704.5
31/08/17,74944,62,31
01/10/17,84548,62,31
04/12/17,173832,345,172.5
14/11/17,90038,50.43,25.215
14/11/17,85942,50.43,25.215
14/12/17,82926,50.43,25.215
14/08/17,75127,50.43,25.215
16/10/17,70605,50.43,25.215
14/09/17,73437,50.43,25.215
14/08/17,74818,50.43,25.215
14/12/17,82702,50.43,25.215
14/09/17,73506,50.43,25.215
16/10/17,70511,50.43,25.215
10/08/17,111606,73,36.5
05/08/17,121441,2214,1107
16/09/17,163112,769.99,384.995
21/10/17,144438,359.29,179.645
05/08/17,124929,861.39,430.695
21/10/17,113059,1143,571.5
10/08/17,115142,1084,542
29/10/17,151452,312,156
29/10/17,171850,548,274
05/08/17,161053,767,383.5
12/11/17,154434,280,140
26/11/17,141109,1090.62,545.31
29/10/17,135508,180,90
26/12/17,64125,50,25
29/10/17,133848,211,105.5
18/09/17,104917,549.99,274.995
23/10/17,63804,50,25
12/09/17,234649,1099,549.5
19/11/17,124007,5011,2505.5
06/11/17,73246,300,150
16/09/17,225058,928.99,464.495
26/09/17,70626,50,25
20/11/17,185427,1838,919
23/08/17,64234,50,25
19/08/17,161421,1520.2,760.1
14/11/17,185032,326,163
19/08/17,133841,68,34
23/11/17,74034,50,25
18/09/17,104917,379,189.5
13/09/17,62218,12,6
13/09/17,63601,20505,10252.5
12/09/17,82356,1026.3,513.15
11/11/17,151056,3449.33,1724.665
10/11/17,143619,569,284.5
13/09/17,63142,12,6
26/08/17,125914,770,385
26/08/17,120041,337.03,168.515
12/09/17,83333,104.1,52.05
13/12/17,83020,104.1,52.05
13/11/17,74629,104.1,52.05
13/11/17,74610,50,25
13/12/17,81418,50,25
12/10/17,63639,50,25
13/11/17,75844,135.66,67.83
21/12/17,81107,104.1,52.05
11/08/17,71721,50,25
21/09/17,80315,104.1,52.05
12/09/17,83543,50,25
14/08/17,80020,135.66,67.83
12/10/17,85740,135.66,67.83
14/08/17,75610,159.62,79.81
21/08/17,63743,190.03,95.015
02/12/17,215817,74.48,37.24
17/12/17,114316,399,199.5
25/11/17,185753,38.83,19.415
23/11/17,92251,20,10
27/11/17,81158,474.26,237.13
17/10/17,104733,400,200
13/11/17,81834,159.62,79.81
14/08/17,75253,159.62,79.81
12/08/17,82449,1090,545
10/08/17,165315,99,49.5
23/10/17,102316,57.2,28.6
12/08/17,82246,72.32,36.16
10/08/17,101510,42.52,21.26
28/08/17,81357,474.26,237.13
14/08/17,154913,1899,949.5
03/09/17,100342,534.9,267.45
04/09/17,165018,496,248
17/09/17,123121,405,202.5
17/08/17,165158,329.9,164.95
12/09/17,84750,159.62,79.81
07/10/17,60411,48,24
13/11/17,82140,159.62,79.81
17/08/17,92634,64.91,32.455
19/09/17,144413,107.4,53.7
17/08/17,105338,399.43,199.715
01/09/17,14833,12,6
28/09/17,142559,90.68,45.34
04/09/17,161040,1316,658
19/09/17,153655,114.27,57.135
17/08/17,105512,159,79.5
04/09/17,212335,397,198.5
21/09/17,103540,36.24,18.12
04/09/17,153658,1066,533
10/10/17,165324,99,49.5
10/09/17,144157,38,19
12/09/17,84944,159.62,79.81
26/10/17,152557,179.32,89.66
12/10/17,85230,159.62,79.81
10/09/17,165349,99,49.5
09/10/17,144326,1030.5,515.25
10/09/17,144214,19,9.5
17/11/17,101612,159,79.5
17/08/17,145924,688.4,344.2
17/10/17,100225,159,79.5
03/10/17,75947,123.63,61.815
25/09/17,75540,119.22,59.61
19/10/17,163204,190.03,95.015
17/09/17,114436,159,79.5
05/12/17,200835,89.82,44.91
23/09/17,130915,249,124.5
13/11/17,172734,124.02,62.01
30/09/17,163406,651.86,325.93
15/12/17,81856,159.62,79.81
12/11/17,201835,102.86,51.43
19/11/17,112806,399,199.5
27/09/17,62622,474.26,237.13
27/10/17,124019,474.26,237.13
21/11/17,90155,190.03,95.015
16/12/17,162510,83.77,41.885
12/11/17,195412,100.02,50.01
19/12/17,75012,190.03,95.015
27/09/17,94135,221.01,110.505
12/10/17,85510,159.62,79.81
19/09/17,74018,190.03,95.015
25/11/17,224331,101.1,50.55
23/11/17,222730,97.9,48.95
17/12/17,133513,94.38,47.19
11/09/17,95559,40.31,20.155
17/12/17,135728,109.94,54.97
15/12/17,81815,159.62,79.81
10/11/17,165418,99,49.5
13/11/17,200642,106.75,53.375
17/12/17,105817,199,99.5
27/12/17,83021,474.26,237.13
10/11/17,70224,70,35
10/08/17,75736,70,35
26/08/17,125613,487,243.5
11/12/17,80015,70,35
11/09/17,63917,70,35
10/10/17,54252,70,35
27/12/17,165537,29950,14975
24/10/17,164805,200,100
18/08/17,115053,252,126
18/09/17,103208,351.64,175.82
09/11/17,93236,821,410.5
27/10/17,164203,154,77
28/09/17,122756,75,37.5
01/11/17,170711,382.08,191.04
11/08/17,235442,75,37.5
13/12/17,213715,911,455.5
26/08/17,224520,75,37.5
09/08/17,105454,821,410.5
09/10/17,120344,821,410.5
11/09/17,122549,821,410.5
22/12/17,135344,75,37.5
17/08/17,191402,75,37.5
05/12/17,230334,7474.11,3737.055
14/08/17,143103,5975,2987.5
17/09/17,141812,75,37.5
03/09/17,165004,194,97
23/12/17,190345,28500,14250
28/09/17,230549,75,37.5
12/09/17,114802,1510,755
14/08/17,144018,21877.89,10938.945
22/08/17,120542,2005.51,1002.755
28/08/17,131539,75,37.5
08/08/17,132747,10554.24,5277.12
20/09/17,101308,1115.27,557.635
12/08/17,30533,286,143
07/08/17,103559,119,59.5
19/11/17,142717,174.87,87.435
18/09/17,20804,150,75
20/08/17,104917,170,85
21/11/17,83046,150,75
27/08/17,130623,138,69
19/11/17,124136,1015.7,507.85
22/08/17,112424,202.11,101.055
12/09/17,132832,649,324.5
02/08/17,123001,595.92,297.96
06/12/17,82309,119,59.5
06/09/17,62938,119,59.5
08/09/17,121928,189,94.5
07/11/17,101528,119,59.5
19/08/17,130443,214.73,107.365
06/10/17,54704,119,59.5
30/11/17,92007,526.98,263.49
20/12/17,102457,404.96,202.48
02/10/17,93728,526.98,263.49
31/10/17,91429,526.98,263.49
31/08/17,91623,526.98,263.49
17/10/17,105748,210.94,105.47
17/08/17,114123,200.19,100.095
17/11/17,103447,207.36,103.68
18/09/17,115645,207.36,103.68
06/09/17,151854,692,346
06/12/17,143545,730.6,365.3
18/09/17,115510,330.79,165.395
06/11/17,154301,730.6,365.3
06/10/17,164613,730.6,365.3
06/08/17,131722,760.99,380.495
17/11/17,103232,309.75,154.875
20/12/17,103913,252.53,126.265
17/08/17,113637,727.93,363.965
17/10/17,110010,223.46,111.73
19/11/17,71939,493.8,246.9
31/12/17,134439,520.26,260.13
02/10/17,114453,255.09,127.545
19/09/17,73957,49,24.5
21/11/17,90504,49,24.5
19/10/17,163527,49,24.5
19/12/17,64614,49,24.5
04/09/17,62035,49,24.5
25/09/17,54937,50.03,25.015
24/10/17,55427,50.03,25.015
24/08/17,60433,50.03,25.015
23/11/17,73939,50,25
26/12/17,64027,50,25
11/08/17,71802,58,29
06/09/17,60526,58,29
05/12/17,83601,58,29
07/11/17,104342,58,29
05/10/17,62305,58,29
26/08/17,123803,188.04,94.02
15/08/17,204749,156.1,78.05
17/08/17,154317,285.51,142.755
19/08/17,203558,186.92,93.46
18/08/17,210556,95.9,47.95
17/08/17,205315,226.5,113.25
15/08/17,210024,30,15
16/10/17,214632,192,96
22/08/17,212100,121.3,60.65
27/08/17,192706,188.04,94.02
08/09/17,90033,5306.21,2653.105
18/08/17,173550,60,30
16/08/17,202930,155.8,77.9
18/08/17,214845,311.4,155.7
14/11/17,153020,96,48
18/08/17,204444,306,153
27/11/17,150356,815,407.5
08/09/17,90318,227.99,113.995
27/11/17,115000,37,18.5
26/11/17,132155,240.9,120.45
27/08/17,194148,133.8,66.9
21/09/17,182141,60.69,30.345
24/08/17,202532,312.4,156.2
25/10/17,210632,239.55,119.775
18/08/17,111656,233.55,116.775
15/08/17,113036,312.2,156.1
31/10/17,74223,250,125
04/11/17,175325,143.88,71.94
10/09/17,145816,200,100
18/10/17,204655,1128.04,564.02
11/09/17,212418,463.12,231.56
11/08/17,85559,55,27.5
07/09/17,80727,32,16
15/08/17,193816,247,123.5
13/09/17,151146,166.76,83.38
01/09/17,101153,1,0.5
25/08/17,160114,416,208
03/09/17,192444,155,77.5
23/08/17,81706,32,16
01/08/17,213845,148,74
01/09/17,71139,100,50
24/08/17,161735,935.66,467.83
07/11/17,71838,200,100
10/10/17,42330,71,35.5
08/10/17,85459,32,16
10/10/17,175307,311.34,155.67
15/11/17,73641,150,75
10/10/17,72335,200,100
15/10/17,104344,150,75
17/12/17,132421,200,100
02/12/17,101836,51,25.5
05/12/17,55254,42,21
20/10/17,133958,32,16
17/09/17,190152,2590,1295
12/10/17,75832,200,100
14/10/17,202711,549.66,274.83
23/11/17,190519,916.41,458.205
05/09/17,144819,434.15,217.075
16/10/17,82939,42,21
21/10/17,93331,402.64,201.32
25/11/17,93008,51,25.5
27/09/17,183704,100,50
05/09/17,135644,200,100
28/10/17,122015,51,25.5
24/10/17,30105,45,22.5
14/11/17,61518,32,16
17/09/17,172930,179,89.5
24/11/17,82932,32,16
08/10/17,194641,406.05,203.025
13/10/17,92845,42,21
21/11/17,102411,81.9,40.95
07/12/17,103822,32,16
08/10/17,174320,92,46
15/12/17,103046,32,16
04/11/17,184308,200.01,100.005
26/10/17,65944,200,100
22/10/17,31905,32,16
23/12/17,190731,388.13,194.065
17/11/17,23034,32,16
24/10/17,142213,479.99,239.995
17/11/17,202854,119,59.5
12/11/17,182005,880.47,440.235
29/10/17,122742,41.5,20.75
10/11/17,93334,32,16
25/12/17,10126,3,1.5
30/10/17,204440,319.03,159.515
11/11/17,104206,34,17
20/12/17,91043,32,16
11/11/17,165601,200,100
03/12/17,201555,315.73,157.865
25/12/17,10317,79.55,39.775
29/11/17,145651,472.74,236.37
13/12/17,100023,32,16
27/11/17,92932,32,16
25/11/17,65644,100,50
21/12/17,100427,32,16
25/11/17,91354,150,75
09/12/17,100421,83.8,41.9
28/12/17,131651,471.79,235.895
25/12/17,13727,1.3,0.65
27/12/17,91816,32,16
01/11/17,62655,32,16
18/12/17,95526,42,21
11/11/17,115614,65,32.5
27/10/17,95709,82,41
26/11/17,201549,397.12,198.56
10/12/17,212622,355.77,177.885
14/11/17,183401,66.1,33.05
02/11/17,150705,200,100
03/11/17,121952,32,16
08/11/17,105430,56.88,28.44
03/12/17,162006,97.18,48.59
03/08/17,125630,90.24,45.12
27/08/17,191237,96.16,48.08
06/09/17,124052,27.62,13.81
06/09/17,144950,29.21,14.605
08/09/17,180458,33.69,16.845
06/09/17,153704,53.87,26.935
05/08/17,93944,54.41,27.205
05/08/17,113457,41.47,20.735
13/09/17,85009,28.35,14.175
04/08/17,103545,46.64,23.32
06/11/17,83809,56.08,28.04
08/08/17,213455,62.65,31.325
06/09/17,145804,28.87,14.435
29/09/17,151802,43.29,21.645
08/09/17,183200,8.69,4.345
06/09/17,194527,65.43,32.715
15/09/17,71850,55.06,27.53
05/08/17,132439,27,13.5
07/10/17,91651,59.32,29.66
16/11/17,74516,51.1,25.55
21/12/17,113817,58.15,29.075
31/12/17,213907,156.01,78.005
08/09/17,180040,33.11,16.555
05/10/17,163441,365.61,182.805
09/11/17,175318,53.67,26.835
23/09/17,211143,99,49.5
03/11/17,193006,126,63
30/09/17,184533,365,182.5
26/10/17,90619,452.91,226.455
30/09/17,185538,300,150
10/10/17,121531,227.3,113.65
25/09/17,61523,99,49.5
10/10/17,101027,299,149.5
25/11/17,51522,99,49.5
12/10/17,231913,839.3,419.65
20/12/17,115206,1199,599.5
17/10/17,80322,599,299.5
02/11/17,90524,470.35,235.175
09/10/17,124444,420.02,210.01
05/10/17,73913,111,55.5
25/10/17,215400,153,76.5
18/10/17,174525,1,0.5
07/10/17,213408,134,67
01/11/17,194512,2729.98,1364.99
02/11/17,91307,65,32.5
31/10/17,200843,196,98
26/11/17,123119,161.51,80.755
07/11/17,141527,496.2,248.1
22/10/17,133950,930.5,465.25
22/10/17,125857,305,152.5
19/10/17,151921,3125.56,1562.78
10/11/17,224007,153,76.5
11/11/17,182331,3371.64,1685.82
12/11/17,163649,793.72,396.86
18/11/17,134058,2432.83,1216.415
20/11/17,150800,117.3,58.65
25/10/17,61522,99,49.5
09/12/17,190824,218.1,109.05
08/12/17,200854,423,211.5
16/12/17,180327,130,65
27/11/17,141608,485,242.5
16/10/17,141709,436.48,218.24
05/11/17,134401,562.17,281.085
16/12/17,220657,76.5,38.25
02/11/17,223953,757.19,378.595
07/12/17,73419,183,91.5
25/11/17,133413,2161.87,1080.935
30/11/17,221118,256,128
22/12/17,150917,549,274.5
30/11/17,221257,38.7,19.35
27/11/17,173024,138,69
30/11/17,34920,555.38,277.69
15/12/17,84444,206,103
04/12/17,174319,2294.79,1147.395
10/11/17,123317,227.27,113.635
22/10/17,201243,1537,768.5
11/12/17,174440,231.16,115.58
19/11/17,153205,310,155
07/12/17,203525,126,63
28/11/17,185830,2600,1300
17/11/17,75636,490.82,245.41
05/11/17,130044,204.6,102.3
07/11/17,215013,675.39,337.695
08/12/17,110103,239.48,119.74
12/12/17,144747,2739,1369.5
17/12/17,100649,2006.25,1003.125
15/12/17,223554,153,76.5
12/12/17,160855,305,152.5
16/12/17,161503,2095.2,1047.6
06/11/17,215549,67,33.5
11/12/17,170420,314.15,157.075
28/10/17,173814,423.8,211.9
03/11/17,112936,290,145
18/12/17,135644,450,225
30/12/17,190036,330,165
19/12/17,200409,153,76.5
12/12/17,154316,3428.42,1714.21
27/12/17,193455,242,121
21/10/17,104812,143,71.5
31/12/17,143042,1906.19,953.095
31/12/17,145347,430.24,215.12
22/12/17,145758,1050,525
20/12/17,124718,585,292.5
25/11/17,191751,495,247.5
02/11/17,195014,679,339.5
05/10/17,193123,2908.2,1454.1
07/12/17,205230,500.01,250.005
22/12/17,151738,1180,590
31/12/17,143224,991.55,495.775
20/12/17,104037,850,425
28/12/17,205136,205,102.5
25/12/17,51522,99,49.5
27/12/17,184347,156,78
23/09/17,154034,2018.53,1009.265
12/12/17,182322,1571.89,785.945
12/08/17,191944,180,90
01/08/17,225701,625.94,312.97
15/09/17,200430,730,365
02/08/17,132425,2207.4,1103.7
19/08/17,182508,211.9,105.95
20/08/17,164519,290,145
16/08/17,170905,501.05,250.525
10/08/17,113024,255,127.5
05/08/17,215512,141,70.5
19/08/17,204203,344.72,172.36
16/08/17,141835,444.51,222.255
16/09/17,162903,1048,524
29/08/17,92400,1347.84,673.92
09/09/17,191500,1759.2,879.6
26/08/17,144635,908.87,454.435
10/08/17,92938,227.3,113.65
02/08/17,200628,222.4,111.2
22/12/17,152931,2380,1190
30/08/17,124302,500.02,250.01
19/08/17,182454,187.1,93.55
08/09/17,145529,227.3,113.65
03/09/17,180639,2281.7,1140.85
24/08/17,172146,5048.25,2524.125
22/12/17,145014,528,264
25/08/17,61522,99,49.5
19/08/17,183853,349,174.5
13/09/17,124955,466.32,233.16
16/09/17,165351,548,274
12/08/17,191647,67,33.5
20/08/17,165517,771,385.5
28/12/17,172521,415,207.5
25/08/17,161817,581,290.5
02/09/17,190515,202.4,101.2
02/08/17,74915,451,225.5
02/08/17,110232,738,369
16/09/17,182615,2442.81,1221.405
22/09/17,140803,430.22,215.11
17/10/17,103454,498.99,249.495
15/09/17,121807,500.19,250.095
16/11/17,110158,498.99,249.495
16/08/17,125811,500.19,250.095
19/12/17,115108,498.99,249.495
22/08/17,73358,59,29.5
05/08/17,170342,173,86.5
22/08/17,155544,787.14,393.57
02/08/17,162502,840,420
02/08/17,204819,500,250
26/12/17,141150,100,50
08/11/17,32302,39.9,19.95
26/12/17,153416,93,46.5
28/12/17,151820,81.6,40.8
15/12/17,151854,968.99,484.495
03/11/17,151900,457,228.5
24/08/17,95026,16.5,8.25
26/12/17,163049,427,213.5
15/12/17,103220,129,64.5
01/11/17,132940,385,192.5
29/09/17,84908,129,64.5
15/12/17,161915,1331.81,665.905
25/08/17,105109,129,64.5
25/08/17,63251,200,100
24/08/17,163143,103.81,51.905
24/08/17,170553,189,94.5
03/11/17,83853,129,64.5
08/11/17,154005,27,13.5
29/12/17,163055,7045.68,3522.84
20/08/17,12317,56.87,28.435
29/08/17,170812,149,74.5
10/08/17,74028,17.5,8.75
20/08/17,204117,86.77,43.385
20/08/17,2204,35.9,17.95
14/08/17,111434,21.59,10.795
29/09/17,170811,149,74.5
29/12/17,160812,149,74.5
19/08/17,222725,17.5,8.75
29/10/17,160809,149,74.5
31/08/17,200053,48.15,24.075
29/11/17,160812,149,74.5
05/08/17,222621,560.11,280.055
05/08/17,123954,1600,800
22/08/17,192135,712.67,356.335
18/08/17,224854,99,49.5
08/08/17,212417,775.93,387.965
13/08/17,101129,500,250
12/08/17,143907,680,340
12/08/17,205830,668.21,334.105
11/08/17,125540,259,129.5
09/08/17,195759,938.25,469.125
14/08/17,162749,549,274.5
12/10/17,142957,709.75,354.875
22/10/17,112148,241,120.5
07/08/17,175057,410,205
16/08/17,203305,170.53,85.265
04/09/17,112717,700.71,350.355
03/11/17,121005,251.69,125.845
07/08/17,152803,400.01,200.005
12/08/17,173904,244,122
10/09/17,171407,680.2,340.1
19/08/17,132511,580.16,290.08
19/08/17,221955,759.07,379.535
18/10/17,224855,99,49.5
29/08/17,192257,1599,799.5
10/09/17,84344,1094.8,547.4
14/09/17,155021,549,274.5
08/10/17,172745,400,200
16/09/17,214901,1226.59,613.295
30/09/17,164050,1795.5,897.75
16/08/17,204014,461.95,230.975
28/09/17,213803,10,5
08/09/17,110718,93.26,46.63
11/09/17,112823,500,250
09/09/17,165202,420,210
12/10/17,145703,442.5,221.25
05/11/17,120114,500,250
20/08/17,201522,199,99.5
26/10/17,121954,285,142.5
28/08/17,103927,500,250
07/08/17,191733,360,180
22/09/17,142910,720.2,360.1
24/09/17,112733,491.5,245.75
18/11/17,214856,99,49.5
18/09/17,224853,99,49.5
09/10/17,83508,400,200
14/10/17,140657,549,274.5
04/11/17,141759,305,152.5
07/11/17,103644,400,200
04/11/17,184455,98.55,49.275
13/09/17,113441,511.59,255.795
18/12/17,214854,99,49.5
28/09/17,234856,1601,800.5
31/10/17,114818,922.66,461.33
29/09/17,140117,756,378
11/12/17,111628,300,150
02/10/17,133936,962.83,481.415
31/10/17,125609,195,97.5
07/08/17,193708,199.2,99.6
02/08/17,125850,13928,6964
23/09/17,84923,500,250
30/12/17,180625,233.9,116.95
14/08/17,0,850,425
28/08/17,194308,500,250
12/09/17,131856,9,4.5
02/08/17,140516,451.62,225.81
02/08/17,235656,71,35.5
03/09/17,120806,158,79
22/08/17,200417,500,250
03/09/17,103148,1132,566
01/12/17,185108,352.04,176.02
18/08/17,101945,500,250
14/12/17,181059,500,250
09/08/17,203015,129,64.5
12/11/17,35901,129,64.5
12/08/17,41143,129,64.5
12/09/17,43408,129,64.5
12/10/17,80836,129,64.5
12/12/17,31127,129,64.5
26/10/17,115651,109,54.5
29/10/17,193249,74,37
06/08/17,152634,940,470
01/08/17,133818,27.09,13.545
06/09/17,161342,940,470
01/10/17,202758,49,24.5
08/10/17,222358,74,37
01/10/17,125056,49,24.5
06/12/17,162651,940,470
01/08/17,133818,85,42.5
01/08/17,140124,15.84,7.92
28/10/17,131147,85,42.5
07/10/17,235334,74,37
28/10/17,125844,27.42,13.71
06/10/17,191028,940,470
06/11/17,141348,940,470
30/10/17,172436,1904.5,952.25
08/10/17,61346,159,79.5
29/11/17,184953,1904.5,952.25
29/08/17,161122,219,109.5
02/08/17,172533,219,109.5
08/09/17,112648,159,79.5
29/11/17,155952,219,109.5
29/12/17,154958,219,109.5
30/08/17,182742,1422.17,711.085
08/12/17,51931,199,99.5
28/09/17,163929,1904.5,952.25
29/09/17,164851,219,109.5
08/11/17,54900,159,79.5
08/08/17,54727,159,79.5
30/10/17,155549,219,109.5
03/11/17,71139,58,29
03/08/17,61508,58,29
04/09/17,61751,58,29
03/10/17,85234,58,29
23/11/17,101720,398,199
30/09/17,165239,4720,2360
23/08/17,73147,473.14,236.57
30/09/17,210423,2095.45,1047.725
18/11/17,142319,4758.11,2379.055
21/10/17,193609,10946.43,5473.215
02/09/17,170308,485,242.5
07/10/17,201357,1420.26,710.13
30/09/17,210113,2767,1383.5
05/10/17,111359,198.99,99.495
23/09/17,121521,199,99.5
25/08/17,85448,199,99.5
23/11/17,190535,199,99.5
23/12/17,72620,1280.3,640.15
06/12/17,104750,198.99,99.495
05/09/17,111825,198.99,99.495
24/10/17,103049,199,99.5
06/11/17,130316,198.99,99.495
07/08/17,111821,198.99,99.495
26/12/17,74247,190.03,95.015
16/08/17,114056,5072.1,2536.05
18/12/17,95717,190.03,95.015
13/12/17,84132,190.03,95.015
29/08/17,80831,190.03,95.015
08/11/17,104209,190.03,95.015
26/09/17,80447,190.03,95.015
26/12/17,74533,190.03,95.015
08/11/17,104200,190.03,95.015
26/09/17,80431,190.03,95.015
29/08/17,81102,190.03,95.015
14/08/17,80348,100,50
06/08/17,71608,159,79.5
21/10/17,152906,615.44,307.72
01/11/17,31516,129,64.5
21/11/17,145728,615.43,307.715
21/09/17,144141,583.27,291.635
01/12/17,51359,149,74.5
01/09/17,35348,129,64.5
01/08/17,54122,129,64.5
21/08/17,131804,583.27,291.635
21/12/17,141327,615.44,307.72
01/10/17,54137,129,64.5
30/08/17,100501,370.53,185.265
30/11/17,112213,34.78,17.39
30/10/17,115614,377.17,188.585
28/12/17,205511,284,142
11/10/17,214831,198,99
25/12/17,151658,670,335
22/12/17,140116,600,300
21/12/17,151929,669.9,334.95
24/12/17,34726,205,102.5
21/12/17,225355,390,195
29/12/17,94229,265.5,132.75
30/12/17,71615,286,143
12/11/17,201153,800,400
24/12/17,150107,773,386.5
22/12/17,143126,668.8,334.4
30/12/17,90851,334,167
31/12/17,162006,713,356.5
23/12/17,171233,664.4,332.2
29/12/17,143156,333.6,166.8
28/12/17,94757,236,118
28/12/17,123556,665.6,332.8
22/10/17,201957,2542.3,1271.15
07/10/17,10926,93.6,46.8
22/10/17,193537,199,99.5
20/10/17,121936,159,79.5
11/11/17,120833,1250,625
17/11/17,192206,846.54,423.27
10/11/17,122152,2712,1356
12/11/17,80614,999.06,499.53
27/11/17,174012,363.39,181.695
20/11/17,120231,159,79.5
08/11/17,191859,449,224.5
20/09/17,104258,159,79.5
20/08/17,94919,159,79.5
05/12/17,115852,1377,688.5
17/11/17,180930,556,278
12/12/17,162811,567.23,283.615
09/12/17,142626,1290.5,645.25
09/12/17,105711,1198,599
09/12/17,142437,298,149
05/12/17,163412,732,366
20/12/17,114049,199,99.5
23/11/17,170622,400,200
18/11/17,102309,637.41,318.705
26/08/17,171817,778,389
28/09/17,123910,683,341.5
12/08/17,110000,593,296.5
13/11/17,143828,593,296.5
14/08/17,225428,1010.27,505.135
10/08/17,164844,2649,1324.5
09/08/17,165726,1707,853.5
18/11/17,193944,3452.17,1726.085
07/12/17,214028,1493.53,746.765
12/10/17,131320,593,296.5
14/08/17,212808,1,0.5
18/11/17,193416,1,0.5
20/12/17,92806,448.5,224.25
12/12/17,94358,661,330.5
03/08/17,161912,197,98.5
25/09/17,115643,129,64.5
25/08/17,61537,129,64.5
10/08/17,193952,2791.77,1395.885
20/09/17,202936,172.54,86.27
14/10/17,133528,295,147.5
14/10/17,142228,139,69.5
21/09/17,145545,1133.8,566.9
02/09/17,182144,899,449.5
05/11/17,200825,290,145
07/08/17,201427,350.44,175.22
25/10/17,43022,129,64.5
18/11/17,210636,152,76
25/12/17,35953,129,64.5
25/11/17,42443,129,64.5
18/09/17,161706,99,49.5
17/11/17,213131,779.4,389.7
19/11/17,171245,255,127.5
05/08/17,205659,250,125
12/08/17,200257,1808.67,904.335
15/11/17,214138,366,183
19/09/17,203332,680.73,340.365
08/12/17,222209,269.18,134.59
04/12/17,151541,699,349.5
05/11/17,114309,119,59.5
19/11/17,135621,419.3,209.65
26/12/17,182553,229.98,114.99
19/09/17,185525,292.3,146.15
06/08/17,144927,298,149
17/10/17,193001,138.88,69.44
05/09/17,192927,187.65,93.825
18/08/17,194247,190.35,95.175
03/09/17,122124,477.63,238.815
16/08/17,111121,154.75,77.375
08/08/17,104115,150.63,75.315
30/12/17,181204,1700,850
26/12/17,123156,799,399.5
19/11/17,154322,149,74.5
19/11/17,134250,339.98,169.99
04/12/17,124233,6396.11,3198.055
08/10/17,133954,5350,2675
04/12/17,151427,699,349.5
16/08/17,102303,359.1,179.55
19/11/17,125438,149.99,74.995
02/12/17,211220,388.77,194.385
05/08/17,123939,409.98,204.99
21/11/17,205630,195.17,97.585
23/12/17,105719,233.72,116.86
26/12/17,110410,169,84.5
26/10/17,170625,299.46,149.73
03/12/17,210542,1839.2,919.6
01/09/17,192602,2580,1290
19/11/17,150236,3990,1995
30/12/17,171409,6990,3495
30/10/17,190754,99.5,49.75
16/09/17,132803,771,385.5
10/09/17,113615,451,225.5
11/10/17,100312,794.99,397.495
12/09/17,113026,794.99,397.495
23/10/17,194131,48,24
13/12/17,103357,698.58,349.29
26/11/17,202839,191,95.5
29/10/17,194651,314,157
17/10/17,172104,444.06,222.03
17/10/17,180323,240,120
11/11/17,134229,129.5,64.75
24/12/17,151055,1190,595
11/08/17,110217,794.99,397.495
13/11/17,125340,398.21,199.105
31/10/17,110239,299,149.5
01/12/17,104636,299,149.5
02/08/17,131936,303.58,151.79
08/09/17,201900,153,76.5
04/10/17,2609,12,6
26/08/17,155545,892.37,446.185
28/09/17,231637,16000,8000
05/09/17,202656,135,67.5
31/08/17,100528,300.19,150.095
14/12/17,140051,798,399
02/10/17,122842,299,149.5
06/12/17,130343,3999,1999.5
09/11/17,170050,618,309
04/10/17,2614,4640,2320
31/10/17,184728,4999,2499.5
14/12/17,125232,200,100
22/11/17,102140,134.93,67.465
06/09/17,33252,123,61.5
17/10/17,124900,6919.62,3459.81
17/11/17,191507,1498.34,749.17
20/11/17,172359,1,0.5
20/11/17,184450,755.3,377.65
08/11/17,183841,2999,1499.5
17/11/17,190832,5706.5,2853.25
24/08/17,190346,11156.04,5578.02
05/08/17,130906,970,485
28/12/17,140421,989.5,494.75
03/08/17,112027,170.5,85.25
07/09/17,173800,1539.3,769.65
06/08/17,132958,261,130.5
22/12/17,134000,1245.77,622.885
17/11/17,221442,99,49.5
17/08/17,231438,99,49.5
27/12/17,131529,1096,548
29/09/17,184055,2010,1005
07/09/17,171138,452.45,226.225
17/10/17,231444,99,49.5
13/12/17,102644,249,124.5
11/10/17,100328,215.17,107.585
17/09/17,231440,99,49.5
29/11/17,135839,699,349.5
22/10/17,151552,874,437
30/12/17,170036,607.6,303.8
13/11/17,125455,249,124.5
03/10/17,123527,1990,995
17/12/17,221443,99,49.5
30/12/17,103006,104.65,52.325
29/08/17,142519,1843,921.5
03/10/17,113906,394,197
30/12/17,123309,699,349.5
27/09/17,194214,525,262.5
30/12/17,194126,112.59,56.295
27/12/17,140820,470.4,235.2
27/12/17,141057,501,250.5
19/08/17,140002,2356.04,1178.02
03/08/17,204801,502.36,251.18
04/11/17,161930,1586.28,793.14
28/10/17,165523,1655.54,827.77
29/10/17,83612,417,208.5
02/08/17,120940,540.02,270.01
12/11/17,141012,1003.38,501.69
14/10/17,170724,3677.55,1838.775
29/12/17,170741,656.26,328.13
16/08/17,124402,6994.22,3497.11
30/09/17,114737,1144.53,572.265
26/08/17,185311,1187.87,593.935
26/08/17,171620,2898.5,1449.25
09/12/17,135503,3340,1670
26/10/17,211607,112.41,56.205
29/12/17,170419,3917.31,1958.655
02/08/17,121131,540.01,270.005
09/09/17,131751,2898.84,1449.42
10/08/17,182538,300,150
14/11/17,32547,129,64.5
12/12/17,154153,389.8,194.9
14/10/17,24051,129,64.5
14/09/17,42314,129,64.5
14/12/17,25854,149,74.5
14/08/17,43622,129,64.5
19/10/17,12903,233,116.5
15/12/17,80028,300.37,150.185
15/09/17,60837,300.37,150.185
16/10/17,65503,300.37,150.185
15/08/17,54405,300.37,150.185
15/11/17,63916,300.37,150.185
29/08/17,160952,469,234.5
02/08/17,172833,469,234.5
12/08/17,140712,72.5,36.25
08/10/17,144919,154.16,77.08
04/10/17,101427,748,374
04/12/17,104424,816,408
02/12/17,161830,157,78.5
04/11/17,102013,816,408
04/08/17,104228,748,374
08/10/17,141909,74,37
05/09/17,130138,748,374
28/08/17,84921,89.95,44.975
23/09/17,161803,55.75,27.875
10/08/17,120914,75.13,37.565
09/11/17,191920,76.05,38.025
25/10/17,134647,145,72.5
23/10/17,130759,200,100
09/12/17,214506,92.75,46.375
13/12/17,101701,40.14,20.07
14/12/17,162929,40.14,20.07
14/12/17,170958,72.89,36.445
14/12/17,180229,97.34,48.67
13/08/17,142416,500,250
23/10/17,64651,381.48,190.74
21/11/17,75049,381.48,190.74
21/08/17,73734,381.48,190.74
21/09/17,80318,381.48,190.74
21/12/17,81117,381.48,190.74
10/10/17,55639,202.63,101.315
11/12/17,82409,211.35,105.675
10/08/17,73820,202.63,101.315
10/11/17,70359,211.35,105.675
11/09/17,70556,202.63,101.315
22/12/17,184800,300,150
18/08/17,222833,579,289.5
25/09/17,195525,1278.37,639.185
27/12/17,210749,800,400
07/12/17,134612,294.01,147.005
22/12/17,121055,17,8.5
24/12/17,124217,612.74,306.37